USE `resilia`;

CREATE TABLE IF NOT EXISTS `estado` (
`estado_id` INT PRIMARY KEY AUTO_INCREMENT,
`estado` ENUM (
	'AC',
	'AL',
	'AP',
	'AM',
	'BA',
	'CE',
	'ES',
	'GO',
	'MA',
	'MT',
	'MS',
	'MG',
	'PA',
	'PB',
	'PR',
	'PE',
	'PI',
	'RJ',
	'RN',
	'RS',
	'RO',
	'RR',
	'SC',
	'SP',
	'SE',
	'TO',
	'DF'
  ) NOT NULL
);

CREATE TABLE `modulo` (
  `modulo_id` INT PRIMARY KEY AUTO_INCREMENT NOT NULL,
  `modulo` INT NOT NULL
);

CREATE TABLE `disciplina` (
  `disciplina_id` INT PRIMARY KEY AUTO_INCREMENT NOT NULL,
  `nome` VARCHAR(40) NOT NULL
);

CREATE TABLE `curso` (
  `curso_id` INT PRIMARY KEY AUTO_INCREMENT,
  `nome` VARCHAR(50) NOT NULL,
  `tipo_duracao` ENUM ('mes', 'ano'),
  `duracao` INT
);

CREATE TABLE `status_estudante` (
	`status_estudante_id` INT PRIMARY KEY AUTO_INCREMENT,
	`nota` INT,
	`status_aluno` BOOLEAN NOT NULL,
	`frequencia` INT NOT NULL
);

CREATE TABLE `turma` (
  `turma_id` INT PRIMARY KEY AUTO_INCREMENT,
  `nome` VARCHAR(50) NOT NULL,
  `data_inicio` DATE NOT NULL,
  `turno` ENUM ('Manhã', 'Tarde', 'Noite') NOT NULL
);

CREATE TABLE `endereco` (
  `endereco_id` INT PRIMARY KEY AUTO_INCREMENT,
  `cep` VARCHAR(8) NOT NULL,
  `rua` VARCHAR(60) NOT NULL,
  `numero` INT NOT NULL,
  `complemento` VARCHAR(20),
  `bairro` VARCHAR(60) NOT NULL,
  `cidade` VARCHAR(60) NOT NULL,
  `estados_id` INT NOT NULL,
  FOREIGN KEY (`estados_id`) REFERENCES `estado` (`estado_id`)  ON UPDATE CASCADE ON DELETE CASCADE
);

CREATE TABLE `pessoa` (
  `pessoa_id` INT PRIMARY KEY AUTO_INCREMENT,
  `nome` VARCHAR(60) NOT NULL,
  `cpf` VARCHAR(11) NOT NULL,
  `email` VARCHAR(60) NOT NULL,
  `telefone` VARCHAR(11) NOT NULL,
  `naturalidade` VARCHAR(15) NOT NULL,
  `data_nasc` DATE NOT NULL,
  `endereco_id` INT NOT NULL,
  FOREIGN KEY (`endereco_id`) REFERENCES `endereco` (`endereco_id`)  ON UPDATE CASCADE ON DELETE CASCADE
);

CREATE TABLE `estudante` (
  `estudante_id` INT PRIMARY KEY AUTO_INCREMENT,
  `senha` VARCHAR(32) NOT NULL,
  `pessoa_id` INT NOT NULL,
  FOREIGN KEY (`pessoa_id`) REFERENCES `pessoa` (`pessoa_id`)  ON UPDATE CASCADE ON DELETE CASCADE
);

CREATE TABLE `facilitador` (
  `facilitador_id` INT PRIMARY KEY AUTO_INCREMENT,
  `senha` VARCHAR(32) NOT NULL,
  `frente` ENUM ('Soft', 'Hard') NOT NULL,
  `pessoa_id` INT NOT NULL,
  FOREIGN KEY (`pessoa_id`) REFERENCES `pessoa` (`pessoa_id`)  ON UPDATE CASCADE ON DELETE CASCADE
);

CREATE TABLE `disciplina_modulo` (
    `curso_id` INT NOT NULL,
    `disciplina_id` INT NOT NULL,
	`modulo_id` INT NOT NULL,
    FOREIGN KEY (`curso_id`) REFERENCES `curso` (`curso_id`) ON UPDATE CASCADE ON DELETE CASCADE,
    FOREIGN KEY (`disciplina_id`) REFERENCES `disciplina` (`disciplina_id`)  ON UPDATE CASCADE ON DELETE CASCADE,
    FOREIGN KEY (`modulo_id`) REFERENCES `modulo` (`modulo_id`)  ON UPDATE CASCADE ON DELETE CASCADE
);

CREATE TABLE `estudantes_turma` (
	`matricula` INT PRIMARY KEY,
	`turma_id` INT NOT NULL,
    `curso_id` INT NOT NULL,
    `estudante_id` INT NOT NULL,
    `status_estudante_id` INT NOT NULL,
    FOREIGN KEY (`turma_id`) REFERENCES `turma` (`turma_id`) ON UPDATE CASCADE ON DELETE CASCADE,
    FOREIGN KEY (`curso_id`) REFERENCES `curso` (`curso_id`)  ON UPDATE CASCADE ON DELETE CASCADE,
    FOREIGN KEY (`estudante_id`) REFERENCES `estudante` (`estudante_id`)  ON UPDATE CASCADE ON DELETE CASCADE,
    FOREIGN KEY (`status_estudante_id`) REFERENCES `status_estudante` (`status_estudante_id`)  ON UPDATE CASCADE ON DELETE CASCADE
);

CREATE TABLE `facilitador_turma` (
	`turma_id` INT NOT NULL,
	`curso_id` INT NOT NULL,
    `facilitador_id` INT NOT NULL,
    FOREIGN KEY (`turma_id`) REFERENCES `turma` (`turma_id`)  ON UPDATE CASCADE ON DELETE CASCADE,
    FOREIGN KEY (`curso_id`) REFERENCES `curso` (`curso_id`)  ON UPDATE CASCADE ON DELETE CASCADE,
    FOREIGN KEY (`facilitador_id`) REFERENCES `facilitador` (`facilitador_id`)  ON UPDATE CASCADE ON DELETE CASCADE
);

INSERT INTO 
	resilia.estado (estado)
VALUES
	('AC'),
	('AL'),
	('AP'),
	('AM'),
	('BA'),
	('CE'),
	('ES'),
	('GO'),
	('MA'),
	('MT'),
	('MS'),
	('MG'),
	('PA'),
	('PB'),
	('PR'),
	('PE'),
	('PI'),
	('RJ'),
	('RN'),
	('RS'),
	('RO'),
	('RR'),
	('SC'),
	('SP'),
	('SE'),
	('TO'),
	('DF');

INSERT INTO 
	resilia.modulo (modulo)
VALUES
	(1),
    (2),
    (3),
    (4),
    (5);

INSERT INTO 
	resilia.disciplina (nome)
VALUES
	('Algoritmos e Estrutura de Dados'), 
    ('Lógica de Programação'),
    ('HTML/CSS'),
    ('Banco de dados'),
    ('Rest API'),
    ('Node'),
    ('React'),
    ('JavaScript'),
    ('Python'),
    ('Google Colab'),
    ('Pandas'),
    ('SQL'),
    ('Java');
    
INSERT INTO 
	resilia.curso (nome, tipo_duracao, duracao)
VALUES
	('JavaScript', 'mes', 6),
    ('Análise de Sistemas', 'mes', 6),
    ('Data Analytics', 'mes', 6),
    ('Java', 'mes', 6);

INSERT INTO
	resilia.status_estudante (nota, status_aluno, frequencia)
VALUES
	(87, 1, 98),
    (88, 1, 85),
    (94, 1, 92),
    (76, 1, 89),
    (82, 1, 96),
    (35, 0, 60),
    (92, 1, 87),
    (78, 1, 91),
    (90, 1, 80),
    (89, 1, 94),
    (96, 1, 97),
    (100, 1, 88),
    (75, 1, 83),
    (89, 0, 70),
    (81, 1, 95),
    (71, 1, 90),
    (92, 0, 75),
    (100, 1, 100),
    (84, 1, 86),
    (88, 0, 65),
    (59, 1, 82),
    (99, 1, 99),
    (63, 1, 84),
    (99, 0, 50),
    (77, 1, 93),
    (88, 1, 98),
    (91, 1, 89),
    (95, 1, 85),
    (92, 1, 92),
    (85, 1, 97),
    (100, 1, 88),
    (38, 0, 70),
    (86, 1, 91),
    (97, 1, 99),
    (93, 0, 65),
    (95, 1, 83),
    (89, 1, 95),
    (53, 0, 75),
    (69, 1, 90),
    (80, 1, 86),
    (71, 1, 82),
    (64, 1, 94),
    (90, 1, 98),
    (67, 1, 87),
    (91, 0, 50),
    (95, 1, 89),
    (86, 1, 96),
    (86, 0, 70),
    (85, 1, 91),
    (98, 1, 97),
    (98, 1, 99),
    (61, 1, 88),
    (87, 0, 65),
    (89, 1, 85),
    (100, 0, 75),
    (92, 1, 92),
    (82, 1, 89),
    (88, 0, 50),
    (93, 1, 94),
    (97, 1, 85),
    (83, 1, 96),
    (100, 0, 70),
    (76, 1, 91),
    (87, 1, 95),
    (99, 1, 99),
    (94, 1, 87),
    (88, 0, 65),
    (99, 1, 82),
    (91, 1, 98),
    (91, 1, 88),
    (71, 1, 89),
    (77, 0, 50),
    (80, 1, 91),
    (94, 1, 97),
    (85, 0, 70),
    (79, 1, 89),
    (88, 1, 94),
    (69, 1, 95),
    (78, 1, 96),
    (89, 0, 50),
    (75, 1, 92),
    (81, 1, 85),
    (57, 1, 87),
    (98, 1, 99),
    (85, 1, 88),
    (77, 1, 89),
    (48, 0, 70),
    (72, 1, 91),
    (90, 1, 95),
    (90, 1, 94),
    (78, 1, 97),
    (96, 0, 50),
    (77, 1, 88),
    (86, 1, 89),
    (84, 1, 92),
    (77, 1, 94),
    (89, 0, 70),
    (73, 1, 85),
    (78, 1, 91),
    (77, 0, 50),
    (70, 1, 89),
    (84, 1, 96),
    (56, 1, 92),
    (79, 1, 98),
    (80, 0, 70),
    (95, 1, 89),
    (92, 1, 88),
    (91, 1, 94),
    (88, 0, 50),
	(75, 1, 90),
    (88, 1, 85),
    (92, 1, 78),
    (79, 0, 95),
    (78, 1, 88),
    (95, 1, 92),
    (100, 0, 60),
    (89, 1, 92),
    (78, 0, 75),
	(81, 1, 95),
	(99, 1, 99);

INSERT INTO
	resilia.turma (nome, data_inicio, turno)
VALUES
	('Turma 21', '2023-05-05', 'Manhã'),
    ('Turma 26', '2023-05-03', 'Tarde'),
    ('Turma 22', '2022-08-01', 'Noite');

INSERT INTO 
	resilia.endereco (cep, rua, numero, complemento, bairro, cidade, estados_id)
VALUES
	('80010001', 'Rua das Margaridas', '123', NULL, 'Jardim das Flores', 'Curitiba', 15),
    ('80020002', 'Avenida das Violetas', '456', 'Casa 2', 'Centro', 'Curitiba', 15),
    ('80030003', 'Rua das Tulipas', '789', NULL, 'Bairro Novo', 'Curitiba', 15),
    ('80040004', 'Alameda das Rosas', '234', 'Sobrado A', 'Vila Esperança', 'Curitiba', 15),
    ('80050005', 'Praça das Orquídeas', '567', 'Andar 10', 'Centro', 'Curitiba', 15),
    ('80060006', 'Avenida das Begônias', '890', 'Casa 7', 'Jardim Primavera', 'Curitiba', 15),
    ('80070007', 'Rua das Papoulas', '1234', 'Bloco C', 'Vila Amizade', 'Curitiba', 15),
    ('80080008', 'Alameda das Hortênsias', '567', 'Casa 3', 'Jardim das Flores', 'Curitiba', 15),
    ('80090009', 'Praça dos Cravos', '890', NULL, 'Centro', 'Curitiba', 15),
    ('80100010', 'Avenida das Camélias', '1111', NULL, 'Vila Sol Nascente', 'Curitiba', 15),
    ('80110011', 'Rua das Dálias', '222', NULL, 'Bairro Alto', 'Curitiba', 15),
    ('80120012', 'Alameda das Lírios', '333', NULL, 'Jardim Verde', 'Curitiba', 15),
    ('80130013', 'Praça das Azaleias', '444', 'Bloco B', 'Vila das Flores', 'Curitiba', 15),
    ('80140014', 'Rua das Crisântemos', '555', NULL, 'Centro', 'Curitiba', 15),
    ('80150015', 'Avenida das Margaridas', '666', NULL, 'Vila Internacional', 'Curitiba', 15),
    ('80160016', 'Alameda das Violetas', '777', NULL, 'Jardim dos Sonhos', 'Curitiba', 15),
    ('80170017', 'Praça das Tulipas', '888', NULL, 'Bairro Estelar', 'Curitiba', 15),
    ('80180018', 'Rua das Rosas', '999', 'Andar 3', 'Centro', 'Curitiba', 15),
    ('80190019', 'Alameda das Orquídeas', '1010', 'Casa 8', 'Vila da Serra', 'Curitiba', 15),
    ('80200020', 'Praça das Begônias', '1111', NULL, 'Vila Central', 'Curitiba', 15),
    ('90000001', 'Rua Principal', '101', NULL, 'Centro', 'São Paulo', 24),
    ('90000002', 'Avenida Central', '202', 'Casa 2', 'Bairro Alto', 'Rio de Janeiro', 18),
    ('90000003', 'Praça das Flores', '303', NULL, 'Jardim das Flores', 'Belo Horizonte', 12),
    ('90000004', 'Alameda dos Sonhos', '404', NULL, 'Vila dos Sonhos', 'Porto Alegre', 20),
    ('90000005', 'Rua das Estrelas', '505', NULL, 'Centro', 'Salvador', 5),
    ('90000006', 'Avenida das Montanhas', '606', NULL, 'Bairro Montanhoso', 'Curitiba', 15),
    ('90000007', 'Praça das Nações', '707', NULL, 'Vila das Nações', 'Goiânia', 8),
    ('90000008', 'Alameda da Liberdade', '808', NULL, 'Jardim da Liberdade', 'São Paulo', 24),
    ('90000009', 'Rua das Rosas', '909', NULL, 'Vila das Rosas', 'Rio de Janeiro', 18),
    ('90000010', 'Avenida da Paz', '1010', 'Apto 202', 'Centro', 'Belo Horizonte', 12),
    ('90000011', 'Praça dos Amigos', '1111', NULL, 'Bairro Amigo', 'Porto Alegre', 20),
    ('90000012', 'Alameda das Árvores', '1212', 'Andar 5', 'Jardim das Árvores', 'Curitiba', 15),
    ('90000013', 'Rua das Montanhas', '1313', NULL, 'Bairro Montanhoso', 'São Paulo', 24),
    ('90000014', 'Avenida das Estrelas', '1414', 'Casa 9', 'Vila Estelar', 'Rio de Janeiro', 18),
    ('90000015', 'Praça Central', '1515', 'Sala 3', 'Centro', 'Belo Horizonte', 12),
    ('90000016', 'Alameda dos Amigos', '1616', 'Andar 8', 'Jardim dos Amigos', 'Porto Alegre', 20),
    ('90000017', 'Rua da Paz', '1717', 'Casa 12', 'Vila da Paz', 'Salvador', 5),
    ('90000018', 'Avenida das Nações', '1818', 'Apto 707', 'Centro', 'Goiânia', 8),
    ('90000019', 'Praça das Montanhas', '1919', 'Sala 4', 'Bairro Montanhoso', 'São Paulo', 24),
    ('90000020', 'Alameda da União', '2020', 'Casa 6', 'Jardim da União', 'Rio de Janeiro', 18),
    ('90000021', 'Rua da Liberdade', '2121', NULL, 'Vila da Liberdade', 'Belo Horizonte', 12),
    ('90000022', 'Avenida Central', '2222', NULL, 'Centro', 'Porto Alegre', 20),
    ('90000023', 'Praça das Flores', '2323', NULL, 'Jardim das Flores', 'Salvador', 5),
    ('90000024', 'Alameda dos Sonhos', '2424', NULL, 'Vila dos Sonhos', 'Goiânia', 8),
    ('90000025', 'Rua das Estrelas', '2525', NULL, 'Bairro Estelar', 'São Paulo', 24),
    ('90000026', 'Avenida das Montanhas', '2626', NULL, 'Bairro Montanhoso', 'Rio de Janeiro', 18),
    ('90000027', 'Praça das Nações', '2727', NULL, 'Vila das Nações', 'Belo Horizonte', 12),
    ('90000028', 'Alameda da Liberdade', '2828', NULL, 'Jardim da Liberdade', 'Porto Alegre', 20),
    ('90000029', 'Rua das Rosas', '2929', NULL, 'Vila das Rosas', 'Salvador', 5),
    ('90000030', 'Avenida da Paz', '3030', NULL, 'Centro', 'Goiânia', 8),
    ('90000031', 'Praça dos Amigos', '3131', NULL, 'Bairro Amigo', 'São Paulo', 24),
    ('90000032', 'Alameda das Árvores', '3232', NULL, 'Jardim das Árvores', 'Rio de Janeiro', 18),
    ('90000033', 'Rua das Montanhas', '3333', 'Casa 9', 'Bairro Montanhoso', 'Belo Horizonte', 12),
    ('90000034', 'Avenida das Estrelas', '3434', NULL, 'Vila Estelar', 'Porto Alegre', 20),
    ('90000035', 'Praça Central', '3535', NULL, 'Centro', 'Salvador', 5),
    ('90000036', 'Alameda dos Amigos', '3636', NULL, 'Jardim dos Amigos', 'Goiânia', 8),
    ('90000037', 'Rua da Paz', '3737', 'Casa 18', 'Vila da Paz', 'São Paulo', 24),
    ('90000038', 'Avenida das Nações', '3838', NULL, 'Centro', 'Rio de Janeiro', 18),
    ('90000039', 'Praça das Montanhas', '3939', 'Sala 4', 'Bairro Montanhoso', 'Belo Horizonte', 12),
    ('90000040', 'Alameda da União', '4040', 'Casa 6', 'Jardim da União', 'Porto Alegre', 20),
    ('90000041', 'Rua da Liberdade', '4141', NULL, 'Vila da Liberdade', 'Salvador', 5),
    ('90000042', 'Avenida Central', '4242', NULL, 'Centro', 'Goiânia', 8),
    ('90000043', 'Praça das Flores', '4343', NULL, 'Jardim das Flores', 'São Paulo', 24),
    ('90000044', 'Alameda dos Sonhos', '4444', 'Casa 20', 'Vila dos Sonhos', 'Rio de Janeiro', 18),
    ('90000045', 'Rua das Estrelas', '4545', NULL, 'Bairro Estelar', 'Belo Horizonte', 12),
    ('90000046', 'Avenida das Montanhas', '4646', 'Apto 606', 'Bairro Montanhoso', 'Porto Alegre', 20),
    ('90000047', 'Praça das Nações', '4747', NULL, 'Vila das Nações', 'Salvador', 5),
    ('90000048', 'Alameda da Liberdade', '4848', NULL, 'Jardim da Liberdade', 'Goiânia', 8),
    ('90000049', 'Rua das Rosas', '4949', NULL, 'Vila das Rosas', 'São Paulo', 24),
    ('90000050', 'Avenida da Paz', '5050', NULL, 'Centro', 'Rio de Janeiro', 18),
    ('90000051', 'Praça dos Amigos', '5151', NULL, 'Bairro Amigo', 'Belo Horizonte', 12),
    ('90000052', 'Alameda das Árvores', '5252', NULL, 'Jardim das Árvores', 'Porto Alegre', 20),
    ('90000053', 'Rua das Montanhas', '5353', NULL, 'Bairro Montanhoso', 'Salvador', 5),
    ('90000054', 'Avenida das Estrelas', '5454', 'Andar 3', 'Vila Estelar', 'Goiânia', 8),
    ('90000055', 'Praça Central', '5555', 'Casa 21', 'Centro', 'São Paulo', 24),
    ('90000056', 'Alameda dos Amigos', '5656', NULL, 'Jardim dos Amigos', 'Rio de Janeiro', 18),
    ('90000057', 'Rua da Paz', '5757', 'Casa 18', 'Vila da Paz', 'Belo Horizonte', 12),
    ('90000058', 'Avenida das Nações', '5858', NULL, 'Centro', 'Porto Alegre', 20),
    ('90000059', 'Praça das Montanhas', '5959', NULL, 'Bairro Montanhoso', 'Salvador', 5),
    ('90000060', 'Alameda da União', '6060', NULL, 'Jardim da União', 'Goiânia', 8),
    ('80260026', 'Rua das Acácias', '123', NULL, 'Jardim das Flores', 'Curitiba', 15),
    ('80270027', 'Avenida das Camélias', '456', 'Casa 2', 'Centro', 'Curitiba', 15),
    ('80280028', 'Rua das Bromélias', '789', NULL, 'Bairro Novo', 'Curitiba', 15),
    ('80290029', 'Alameda dos Lírios', '234', NULL, 'Vila Esperança', 'Curitiba', 15),
    ('80300030', 'Praça das Margaridas', '567', NULL, 'Centro', 'Curitiba', 15),
    ('80310031', 'Avenida das Violetas', '890', NULL, 'Jardim Primavera', 'Curitiba', 15),
    ('80320032', 'Rua das Orquídeas', '1234', 'Bloco C', 'Vila Amizade', 'Curitiba', 15),
    ('80330033', 'Alameda das Rosas', '567', 'Casa 3', 'Jardim das Flores', 'Curitiba', 15),
    ('80340034', 'Praça das Hortênsias', '890', 'Sala 8', 'Centro', 'Curitiba', 15),
    ('80350035', 'Avenida das Dálias', '1111', 'Apto 202', 'Vila Sol Nascente', 'Curitiba', 15),
    ('80360036', 'Rua das Margaridas', '222', NULL, 'Bairro Alto', 'Curitiba', 15),
    ('80370037', 'Alameda das Violetas', '333', 'Andar 5', 'Jardim Verde', 'Curitiba', 15),
    ('80380038', 'Praça das Orquídeas', '444', 'Bloco B', 'Vila das Flores', 'Curitiba', 15),
    ('80390039', 'Avenida das Rosas', '555', NULL, 'Centro', 'Curitiba', 15),
    ('80400040', 'Rua das Margaridas', '666', NULL, 'Vila Internacional', 'Curitiba', 15),
    ('80410041', 'Alameda das Violetas', '777', 'Casa 6', 'Jardim dos Sonhos', 'Curitiba', 15),
    ('80420042', 'Praça das Orquídeas', '888', 'Casa 4', 'Bairro Estelar', 'Curitiba', 15),
    ('80430043', 'Avenida das Rosas', '999', 'Andar 3', 'Centro', 'Curitiba', 15),
    ('80440044', 'Rua das Margaridas', '1010', 'Casa 8', 'Vila da Serra', 'Curitiba', 15),
    ('80450045', 'Alameda das Violetas', '1111', 'Bloco A', 'Vila Central', 'Curitiba', 15),
     ('80260026', 'Rua das Acácias', '123', 'Apto 101', 'Jardim das Flores', 'Curitiba', 15),
    ('80270027', 'Avenida das Camélias', '456', NULL, 'Centro', 'Curitiba', 15),
    ('80280028', 'Rua das Bromélias', '789', 'Sala 5', 'Bairro Novo', 'Curitiba', 15),
    ('80290029', 'Alameda dos Lírios', '234', NULL, 'Vila Esperança', 'Curitiba', 15),
    ('80300030', 'Praça das Margaridas', '567', NULL, 'Centro', 'Curitiba', 15),
    ('80310031', 'Avenida das Violetas', '890', NULL, 'Jardim Primavera', 'Curitiba', 15),
    ('80320032', 'Rua das Orquídeas', '1234', NULL, 'Vila Amizade', 'Curitiba', 15),
    ('80330033', 'Alameda das Rosas', '567', 'Casa 3', 'Jardim das Flores', 'Curitiba', 15),
    ('80340034', 'Praça das Hortênsias', '890', 'Sala 8', 'Centro', 'Curitiba', 15),
    ('80350035', 'Avenida das Dálias', '1111', 'Apto 202', 'Vila Sol Nascente', 'Curitiba', 15),
    ('80360036', 'Rua das Margaridas', '222', NULL, 'Bairro Alto', 'Curitiba', 15),
    ('80370037', 'Alameda das Violetas', '333', 'Andar 5', 'Jardim Verde', 'Curitiba', 15),
    ('80380038', 'Praça das Orquídeas', '444', 'Bloco B', 'Vila das Flores', 'Curitiba', 15),
    ('80390039', 'Avenida das Rosas', '555', NULL, 'Centro', 'Curitiba', 15),
    ('80400040', 'Rua das Margaridas', '666', 'Sala 2', 'Vila Internacional', 'Curitiba', 15),
    ('80410041', 'Alameda das Violetas', '777', NULL, 'Jardim dos Sonhos', 'Curitiba', 15),
    ('80420042', 'Praça das Orquídeas', '888', NULL, 'Bairro Estelar', 'Curitiba', 15),
    ('80430043', 'Avenida das Rosas', '999', NULL, 'Centro', 'Curitiba', 15),
    ('80440044', 'Rua das Margaridas', '1010', 'Casa 8', 'Vila da Serra', 'Curitiba', 15),
    ('80450045', 'Alameda das Violetas', '1111', NULL, 'Vila Central', 'Curitiba', 15);

INSERT INTO 
	resilia.pessoa (nome, cpf, email, telefone, naturalidade, data_nasc, endereco_id)
VALUES
	('João da Silva', '12345678900', 'joao.silva@example.com', '1112345678', 'São Paulo', '1985-05-10', 1),
	('Maria Santos', '98765432100', 'maria.santos@example.com', '2198765432', 'Rio de Janeiro', '1990-02-15', 2),
	('José Oliveira', '45678912300', 'jose.oliveira@example.com', '6234567890', 'Goiânia', '1988-09-20', 3),
	('Ana Pereira', '65432198700', 'ana.pereira@example.com', '8165432109', 'Recife', '1995-11-05', 4),
	('Pedro Alves', '78912345600', 'pedro.alves@example.com', '9578901234', 'Manaus', '1982-03-25', 5),
	('Carla Barbosa', '23456789000', 'carla.barbosa@example.com', '4723456789', 'Florianópolis', '1993-07-12', 6),
	('Fernando Costa', '76543210900', 'fernando.costa@example.com', '1576543210', 'Sorocaba', '1989-12-03', 7),
	('Amanda Fernandes', '89012345600', 'amanda.fernandes@example.com', '7189012345', 'Salvador', '1991-08-17', 8),
	('Ricardo Lima', '32109876500', 'ricardo.lima@example.com', '3132109876', 'Belo Horizonte', '1987-06-30', 9),
	('Juliana Gomes', '67890123400', 'juliana.gomes@example.com', '6567890123', 'Cuiabá', '1997-04-22', 10),
	('Luisa Marques', '89012345601', 'luisa.marques@example.com', '8123456789', 'Recife', '1992-10-08', 11),
	('Gabriel Pereira', '76543210902', 'gabriel.pereira@example.com', '3134567890', 'Belo Horizonte', '1984-01-16', 12),
	('Mariana Oliveira', '67890123403', 'mariana.oliveira@example.com', '6545678901', 'Cuiabá', '1996-09-27', 13),
	('Rafaela Santos', '12345678904', 'rafaela.santos@example.com', '1156789012', 'São Paulo', '1983-12-05', 14),
	('Bruno Lima', '98765432105', 'bruno.lima@example.com', '2167890123', 'Rio de Janeiro', '1998-05-20', 15),
	('Isabela Fernandes', '45678912306', 'isabela.fernandes@example.com', '6278901234', 'Goiânia', '1994-02-28', 16),
	('Thiago Barbosa', '65432198707', 'thiago.barbosa@example.com', '8189012345', 'Recife', '1986-07-10', 17),
	('Camila Costa', '78912345608', 'camila.costa@example.com', '9501234567', 'Manaus', '1999-03-14', 18),
	('Lucas Gomes', '23456789009', 'lucas.gomes@example.com', '4712345678', 'Florianópolis', '1981-04-18', 19),
	('Beatriz Alves', '76543210910', 'beatriz.alves@example.com', '1523456789', 'Sorocaba', '1990-11-22', 20),
	('Joana Fernandes', '89012345611', 'joana.fernandes@example.com', '7134567890', 'Salvador', '1988-08-03', 21),
	('Guilherme Lima', '32109876512', 'guilherme.lima@example.com', '3145678901', 'Belo Horizonte', '1997-01-15', 22),
	('Marcela Gomes', '67890123413', 'marcela.gomes@example.com', '656789012', 'Cuiabá', '1982-09-26', 23),
	('Diego Pereira', '12345678914', 'diego.pereira@example.com', '1167890123', 'São Paulo', '1993-11-07', 24),
	('Eduarda Oliveira', '98765432115', 'eduarda.oliveira@example.com', '2178901234', 'Rio de Janeiro', '1989-06-19', 25),
	('Vitor Santos', '45678912316', 'vitor.santos@example.com', '6289012345', 'Goiânia', '1991-03-31', 26),
	('Aline Barbosa', '65432198717', 'aline.barbosa@example.com', '8101234567', 'Recife', '1987-02-12', 27),
	('Matheus Costa', '78912345618', 'matheus.costa@example.com', '9523456789', 'Manaus', '1996-10-24', 28),
	('Sophia Gomes', '23456789019', 'sophia.gomes@example.com', '4734567890', 'Florianópolis', '1985-12-06', 29),
	('Ricardo Alves', '76543210920', 'ricardo.alves@example.com', '1545678901', 'Sorocaba', '1994-07-18', 30),
	('Carolina Fernandes', '89012345621', 'carolina.fernandes@example.com', '717890123', 'Salvador', '1983-04-30', 31),
	('Fernando Lima', '32109876522', 'fernando.lima@example.com', '3167890123', 'Belo Horizonte', '1992-02-11', 32),
	('Julia Gomes', '67890123423', 'julia.gomes@example.com', '6578901234', 'Cuiabá', '1980-09-23', 33),
	('Alexandre Pereira', '12345678924', 'alexandre.pereira@example.com', '1189012345', 'São Paulo', '1999-06-05', 34),
	('Laura Oliveira', '98765432125', 'laura.oliveira@example.com', '2190123456', 'Rio de Janeiro', '1984-05-17', 35),
	('Gustavo Santos', '45678912326', 'gustavo.santos@example.com', '6202345678', 'Goiânia', '1993-01-29', 36),
	('Renata Barbosa', '65432198727', 'renata.barbosa@example.com', '8134567890', 'Recife', '1981-08-10', 37),
	('Henrique Costa', '78912345628', 'henrique.costa@example.com', '956789012', 'Manaus', '1990-04-22', 38),
	('Larissa Gomes', '23456789029', 'larissa.gomes@example.com', '4767890123', 'Florianópolis', '1988-03-03', 39),
	('Daniel Alves', '76543210930', 'daniel.alves@example.com', '1578901234', 'Sorocaba', '1997-11-15', 40),
	('Beatriz Almeida', '89012345631', 'beatriz.almeida@example.com', '7189012345', 'Salvador', '1995-06-23', 41),
	('Rafael Lima', '32109876532', 'rafael.lima@example.com', '3190123456', 'Belo Horizonte', '1987-04-17', 42),
	('Ana Santos', '67890123433', 'ana.santos@example.com', '6501234567', 'Cuiabá', '1993-09-08', 43),
	('Carlos Gomes', '12345678934', 'carlos.gomes@example.com', '1123456789', 'São Paulo', '1989-02-19', 44),
	('Larissa Oliveira', '98765432135', 'larissa.oliveira@example.com', '2134567890', 'Rio de Janeiro', '1991-12-30', 45),
	('Lucas Barbosa', '45678912336', 'lucas.barbosa@example.com', '6245678901', 'Goiânia', '1986-11-11', 46),
	('Julia Costa', '65432198737', 'julia.costa@example.com', '8156789012', 'Recife', '1990-08-02', 47),
	('Pedro Fernandes', '78912345638', 'pedro.fernandes@example.com', '9567890123', 'Manaus', '1984-05-14', 48),
	('Mariana Lima', '23456789039', 'mariana.lima@example.com', '4778901234', 'Florianópolis', '1996-03-25', 49),
	('Maria Silva', '12345678901', 'maria.silva@email.com', '41990123456', 'São Paulo', '1990-01-15', 50),
	('João Oliveira', '98765432100', 'joao.oliveira@email.com', '41991234567', 'Rio de Janeiro', '1985-04-25', 51),
	('Ana Souza', '65432198700', 'ana.souza@email.com', '41992345678', 'Belo Horizonte', '1995-07-10', 52),
	('Pedro Santos', '54321098765', 'pedro.santos@email.com', '41993456789', 'Salvador', '1988-09-20', 53),
	('Mariana Almeida', '98765432123', 'mariana.almeida@email.com', '41994567890', 'Recife', '1992-12-05', 54),
	('Lucas Costa', '11235813211', 'lucas.costa@email.com', '41995678901', 'Fortaleza', '1984-02-15', 55),
	('Isabella Lima', '31415926535', 'isabella.lima@email.com', '41996789012', 'Curitiba', '1998-05-30', 56),
	('Mateus Martins', '27182818284', 'mateus.martins@email.com', '41997890123', 'Brasília', '1987-08-10', 57),
	('Laura Rodrigues', '14142135623', 'laura.rodrigues@email.com', '41998901234', 'Belém', '1996-10-25', 58),
	('Gustavo Santos', '27182818280', 'gustavo.santos@email.com', '41999012345', 'São Paulo', '1989-03-11', 59),
	('Sophie Silva', '12345678901', 'sophie.silva@email.com', '41990123456', 'Rio de Janeiro', '1991-06-14', 60),
	('Enzo Oliveira', '98765432100', 'enzo.oliveira@email.com', '41991234567', 'Belo Horizonte', '1986-09-28', 61),
	('Clara Souza', '65432198700', 'clara.souza@email.com', '41992345678', 'Salvador', '1990-12-03', 62),
	('Rafael Santos', '54321098765', 'rafael.santos@email.com', '41993456789', 'Recife', '1983-03-16', 63),
	('Lívia Almeida', '98765432123', 'livia.almeida@email.com', '41994567890', 'Curitiba', '1997-05-27', 64),
	('Bruno Costa', '11235813211', 'bruno.costa@email.com', '41995678901', 'Fortaleza', '1993-08-11', 65),
	('Lara Lima', '31415926535', 'lara.lima@email.com', '41996789012', 'Curitiba', '1985-11-26', 66),
	('Guilherme Martins', '27182818284', 'guilherme.martins@email.com', '41997890123', 'Brasília', '1999-02-08', 67),
	('Ana Rodrigues', '14142135623', 'ana.rodrigues@email.com', '41998901234', 'Belém', '1988-04-23', 68),
	('Thiago Santos', '27182818280', 'thiago.santos@email.com', '41999012345', 'São Paulo', '1995-07-06', 69),
	('Julia Silva', '12345678901', 'julia.silva@email.com', '41990123456', 'Rio de Janeiro', '1982-09-19', 70),
	('Rafaela Oliveira', '98765432100', 'rafaela.oliveira@email.com', '41991234567', 'Belo Horizonte', '1991-12-01', 71),
	('Luan Souza', '65432198700', 'luan.souza@email.com', '41992345678', 'Salvador', '1997-02-14', 72),
	('Yasmin Santos', '54321098765', 'yasmin.santos@email.com', '41993456789', 'Recife', '1984-05-29', 73),
	('Vinicius Almeida', '98765432123', 'vinicius.almeida@email.com', '41994567890', 'Curitiba', '1993-08-11', 74),
	('Bianca Costa', '11235813211', 'bianca.costa@email.com', '41995678901', 'Fortaleza', '1989-10-24', 75),
	('Thiago Lima', '31415926535', 'thiago.lima@email.com', '41996789012', 'Curitiba', '1996-01-06', 76),
	('Larissa Martins', '27182818284', 'larissa.martins@email.com', '41997890123', 'Brasília', '1987-03-19', 77),
	('Eduardo Rodrigues', '14142135623', 'eduardo.rodrigues@email.com', '41998901234', 'Belém', '1995-06-02', 78),
	('Beatriz Santos', '27182818280', 'beatriz.santos@email.com', '41999012345', 'São Paulo', '1984-08-15', 79),
	('Leonardo Silva', '12345678901', 'leonardo.silva@email.com', '41990123456', 'Rio de Janeiro', '1992-11-28', 80),
	('Carla Oliveira', '98765432100', 'carla.oliveira@email.com', '41991234567', 'Belo Horizonte', '1987-02-10', 81),
	('Thales Souza', '65432198700', 'thales.souza@email.com', '41992345678', 'Salvador', '1994-05-23', 82),
	('Evelyn Santos', '54321098765', 'evelyn.santos@email.com', '41993456789', 'Recife', '1986-08-06', 83),
	('Roberto Almeida', '98765432123', 'roberto.almeida@email.com', '41994567890', 'Curitiba', '1999-10-19', 84),
	('Nathalia Costa', '11235813211', 'nathalia.costa@email.com', '41995678901', 'Fortaleza', '1988-12-01', 85),
	('Gabriel Lima', '31415926535', 'gabriel.lima@email.com', '41996789012', 'Curitiba', '1997-03-15', 86),
	('Carolina Martins', '27182818284', 'carolina.martins@email.com', '41997890123', 'Brasília', '1983-06-28', 87),
	('Fernando Rodrigues', '14142135623', 'fernando.rodrigues@email.com', '41998901234', 'Belém', '1991-09-10', 88),
	('Letícia Santos', '27182818280', 'leticia.santos@email.com', '41999012345', 'São Paulo', '1985-12-24', 89),
	('Roberto Silva', '12345678901', 'roberto.silva@email.com', '41990123456', 'Rio de Janeiro', '1994-02-05', 90),
	('Larissa Oliveira', '98765432100', 'larissa.oliveira@email.com', '41991234567', 'Belo Horizonte', '1982-05-18', 91),
	('Renato Souza', '65432198700', 'renato.souza@email.com', '41992345678', 'Salvador', '1990-08-30', 92),
	('Camila Santos', '54321098765', 'camila.santos@email.com', '41993456789', 'Recife', '1996-11-12', 93),
	('Leonardo Almeida', '98765432123', 'leonardo.almeida@email.com', '41994567890', 'Curitiba', '1984-01-24', 94),
	('Natalia Costa', '11235813211', 'natalia.costa@email.com', '41995678901', 'Fortaleza', '1992-04-07', 95),
	('Rodrigo Lima', '31415926535', 'rodrigo.lima@email.com', '41996789012', 'Curitiba', '1998-07-19', 96),
	('Amanda Martins', '27182818284', 'amanda.martins@email.com', '41997890123', 'Brasília', '1986-10-01', 97),
	('Lucas Rodrigues', '14142135623', 'lucas.rodrigues@email.com', '41998901234', 'Belém', '1995-01-13', 98),
	('Caroline Santos', '27182818280', 'caroline.santos@email.com', '41999012345', 'São Paulo', '1987-04-26', 99),
	('Eduardo Silva', '12345678901', 'eduardo.silva@email.com', '41990123456', 'Rio de Janeiro', '1996-06-09', 100),
	('Fernanda Oliveira', '98765432100', 'fernanda.oliveira@email.com', '41991234567', 'Belo Horizonte', '1989-09-21', 101),
	('Rafael Souza', '65432198700', 'rafael.souza@email.com', '41992345678', 'Salvador', '1981-12-04', 102),
	('Gabriela Santos', '54321098765', 'gabriela.santos@email.com', '41993456789', 'Recife', '1990-03-17', 103),
	('José Almeida', '98765432123', 'jose.almeida@email.com', '41994567890', 'Curitiba', '1999-08-29', 104),
	('Leticia Costa', '11235813211', 'leticia.costa@email.com', '41995678901', 'Fortaleza', '1983-11-12', 105),
	('Raphael Lima', '31415926535', 'raphael.lima@email.com', '41996789012', 'Curitiba', '1985-02-25', 106),
	('Isabela Martins', '27182818284', 'isabela.martins@email.com', '41997890123', 'Brasília', '1993-05-10', 107),
	('Matheus Rodrigues', '14142135623', 'matheus.rodrigues@email.com', '41998901234', 'Belém', '1997-08-22', 108),
	('Ana Carolina Santos', '27182818280', 'ana.carolina.santos@email.com', '41999012345', 'São Paulo', '1982-11-05', 109),
	('Ricardo Silva', '12345678901', 'ricardo.silva@email.com', '41990123456', 'Rio de Janeiro', '1991-02-18', 110),
	('Aline Oliveira', '98765432100', 'aline.oliveira@email.com', '41991234567', 'Belo Horizonte', '1988-05-02', 111),
	('Vitor Souza', '65432198700', 'vitor.souza@email.com', '41992345678', 'Salvador', '1997-07-16', 112),
	('Carolina Santos', '54321098765', 'carolina.santos@email.com', '41993456789', 'Recife', '1984-10-30', 113),
	('Rafael Almeida', '98765432123', 'rafael.almeida@email.com', '41994567890', 'Curitiba', '1993-01-11', 114),
	('Amanda Costa', '11235813211', 'amanda.costa@email.com', '41995678901', 'Fortaleza', '1989-04-24', 115),
	('Lucas Lima', '31415926535', 'lucas.lima@email.com', '41996789012', 'Curitiba', '1996-07-06', 116),
	('Ana Clara Martins', '27182818284', 'ana.clara.martins@email.com', '41997890123', 'Brasília', '1987-10-19', 117),
	('Julio Rodrigues', '14142135623', 'julio.rodrigues@email.com', '41998901234', 'Belém', '1995-01-31', 118),
	('Mariana Santos', '27182818280', 'mariana.santos@email.com', '41999012345', 'São Paulo', '1986-04-13', 119),
	('Paulo Silva', '12345678901', 'paulo.silva@email.com', '41990123456', 'Rio de Janeiro', '1994-06-26', 120);
    
INSERT INTO 
	resilia.estudante (senha, pessoa_id)
VALUES
    ('9eG01a', 5),
    ('1fH23b', 6),
    ('3iJ45c', 7),
    ('5kL67d', 8),
    ('7mN89e', 9),
    ('9oP21f', 10),
    ('1qR43g', 11),
    ('3sT65h', 12),
    ('5uV87i', 13),
    ('7wX09j', 14),
    ('9yA21k', 15),
    ('1zB43l', 16),
    ('3cD65m', 17),
    ('5eF87n', 18),
    ('7gH09o', 19),
    ('9iJ21p', 20),
    ('1kL43q', 21),
    ('3mN65r', 22),
    ('5oP87s', 23),
    ('7qR09t', 24),
    ('9sT21u', 25),
    ('1uV43v', 26),
    ('3wX65w', 27),
    ('5yA87x', 28),
    ('7zB09y', 29),
    ('1cdE2za', 30),
    ('3efG4zb', 31),
    ('5ghI6zc', 32),
    ('7ijK8zd', 33),
    ('9klM1ze', 34),
    ('1mnO3zf', 35),
    ('3opQ5zg', 36),
    ('5rsT7zh', 37),
    ('7uvY9zi', 38),
    ('9wxZ1zj', 39),
    ('1yAB3zk', 40),
    ('3cdE5zl', 41),
    ('5efG7zm', 42),
    ('7ghI9zn', 43),
    ('9ijK1zo', 44),
    ('1klM3zp', 45),
    ('3mnO5zq', 46),
    ('5opQ7zr', 47),
    ('7qrS9zs', 48),
    ('9stU1zt', 49),
    ('1uvY3zu', 50),
    ('3wxZ5zv', 51),
    ('5yAB7zw', 52),
    ('7cdE9zx', 53),
    ('9efG1zy', 54),
    ('1ghI3zz', 55),
    ('3ijK4za', 56),
    ('5klM6zb', 57),
    ('7mnO8zc', 58),
    ('9opQ1zd', 59),
    ('2rsT3ze', 60),
    ('4uvY5zf', 61),
    ('6wxZ7zg', 62),
    ('8yAB9zh', 63),
    ('1AdC1zi', 64),
    ('3EfG3zj', 65),
    ('5GhI5zk', 66),
    ('7IjK7zl', 67),
    ('9KlM9zm', 68),
    ('1MnO1zn', 69),
    ('3OpQ3zo', 70),
    ('5QrS5zp', 71),
    ('7StU7zq', 72),
    ('9UvY9zr', 73),
    ('1WxZ1zs', 74),
    ('3YAB3zt', 75),
    ('5CDE5zu', 76),
    ('7EFG7zv', 77),
    ('9GhI9zw', 78),
    ('1IjK1zx', 79),
    ('3KlM3zy', 80),
    ('5MnO5zz', 81),
    ('7OpQ7za', 82),
    ('9QrS9zb', 83),
    ('2StU1zc', 84),
    ('4UvY3zd', 85),
    ('6WxZ5ze', 86),
    ('8yAB7zf', 87),
    ('1aCD9zg', 88),
    ('3eFG1zh', 89),
    ('5gHI3zi', 90),
    ('7iJK5zj', 91),
    ('9kLM7zk', 92),
    ('1mNO9zl', 93),
    ('3oPQ1zm', 94),
    ('5qRS3zn', 95),
    ('7sTU5zo', 96),
    ('9uVY7zp', 97),
    ('1wXZ9zq', 98),
    ('3yAB1zr', 99),
    ('5cDE3zs', 100),
    ('7eFG5zt', 101),
    ('9gHI7zu', 102),
    ('1iJK9zv', 103),
    ('3kLM1zw', 104),
    ('5mNO3zx', 105),
    ('7oPQ5zy', 106),
    ('9qRS7zz', 107),
    ('2sTU9za', 108),
    ('4uVY1zb', 109),
    ('6wXZ3zc', 110),
    ('8yAB5zd', 111),
    ('1bdC7ze', 112),
    ('3efG9zf', 113),
    ('5ghI1zg', 114),
    ('7ijK3zh', 115),
    ('9klM5zi', 116),
    ('1mnO7zj', 117),
    ('3opQ9zk', 118),
    ('5rsT1zl', 119),
    ('7uvY3zm', 120);

INSERT INTO 
	resilia.facilitador (senha, frente, pessoa_id)
VALUES
	('4ioLsAs', 'Hard', 1),
	('1smMMkw', 'Soft', 2),
	('2jfSAAsw', 'Hard', 3),
	('8awQ92l', 'Soft', 4);

INSERT INTO 
	resilia.disciplina_modulo (curso_id, disciplina_id, modulo_id)
VALUES
	(1, 3, 1),
    (1, 8, 2),
    (1, 12, 3),
    (1, 5, 4),
    (1, 7, 5),
    (2, 3, 1),
    (2, 8, 2),
    (2, 12, 3),
    (2, 5, 4),
    (2, 7, 5),
    (3, 1, 1),
    (3, 3, 2),
    (3, 5, 3),
    (3, 7, 4),
    (3, 13, 5),
    (4, 2, 1),
    (4, 9, 2),
    (4, 4, 3),
    (4, 10, 4),
    (4, 11, 5);

INSERT INTO
    resilia.estudantes_turma (matricula, turma_id, curso_id, estudante_id, status_estudante_id)
VALUES
    (98761234, 1, 1, 5, 48),
    (87654321, 1, 1, 6, 49),
    (76548923, 1, 1, 7, 50),
    (65423981, 1, 1, 8, 51),
    (54327689, 1, 1, 9, 52),
    (43217856, 1, 1, 10, 53),
    (32106578, 1, 1, 11, 54),
    (21039856, 1, 1, 12, 55),
    (12038765, 1, 1, 13, 56),
    (21019876, 1, 1, 14, 57),
    (30017869, 1, 1, 15, 58),
    (10928365, 1, 1, 16, 59),
    (12098176, 1, 1, 17, 60),
    (13067895, 1, 1, 18, 61),
    (14236587, 1, 1, 19, 62),
    (15489032, 1, 1, 20, 63),
    (16450378, 1, 1, 21, 64),
    (17890456, 1, 1, 22, 65),
    (19872345, 1, 1, 23, 66),
    (10938475, 1, 1, 24, 67),
    (87651234, 1, 1, 25, 68),
    (34012345, 1, 1, 26, 69),
    (20012276, 1, 1, 27, 70),
    (11034567, 1, 1, 28, 71),
    (21987650, 1, 1, 29, 72),
    (33227654, 1, 1, 30, 73),
    (43219876, 1, 1, 31, 74),
    (54321987, 1, 1, 32, 75),
    (65489123, 1, 1, 33, 76),
    (76543218, 1, 1, 34, 77),
    (87654319, 1, 1, 35, 78),
    (98762341, 1, 1, 36, 79),
    (87653323, 1, 1, 37, 80),
    (34017869, 1, 1, 38, 81),
    (23019876, 1, 1, 39, 82),
    (19038765, 1, 1, 40, 83),
    (21037256, 1, 1, 41, 84),
    (39006578, 1, 1, 42, 85),
    (49817856, 1, 1, 43, 86),
    (54311689, 1, 1, 44, 87),
    (65421181, 1, 1, 45, 88),
    (76529923, 1, 1, 46, 89),
    (87904321, 1, 1, 47, 90),
    (98191234, 1, 1, 48, 91),
    (10298365, 2, 3, 49, 92),
    (10998176, 2, 3, 50, 93),
    (12967895, 2, 3, 51, 94),
    (18836587, 2, 3, 52, 95),
    (15429032, 2, 3, 53, 96),
    (16220378, 2, 3, 54, 97),
    (17830456, 2, 3, 55, 98),
    (19878345, 2, 3, 56, 99),
    (10238475, 2, 3, 57, 100),
    (87622234, 2, 3, 58, 101),
    (34312345, 2, 3, 59, 102),
    (22219876, 2, 3, 60, 103),
    (12114567, 2, 3, 61, 104),
    (21982150, 2, 3, 62, 105),
    (32144654, 2, 3, 63, 106),
    (43216276, 2, 3, 64, 107),
    (54831987, 2, 3, 65, 108),
    (65949123, 2, 3, 66, 109),
    (76923218, 2, 3, 67, 110),
    (87104319, 2, 3, 68, 111),
    (98372341, 2, 3, 69, 112),
    (87650123, 2, 3, 70, 113),
    (34017119, 2, 3, 71, 114),
    (20019876, 2, 3, 72, 115),
    (12228765, 2, 3, 73, 116),
    (21033856, 2, 3, 74, 117),
    (36106578, 2, 3, 75, 118),
    (43197856, 2, 3, 76, 119),
    (52227689, 2, 3, 77, 120),
    (65333981, 3, 4, 78, 1),
    (76448923, 3, 4, 79, 2),
    (87864321, 3, 4, 80, 3),
    (98798234, 3, 4, 81, 4),
    (10988365, 3, 4, 82, 5),
    (12118176, 3, 4, 83, 6),
    (13997895, 3, 4, 84, 7),
    (14220587, 3, 4, 85, 8),
    (15450032, 3, 4, 86, 9),
    (16459078, 3, 4, 87, 10),
    (19829345, 3, 4, 88, 11),
    (10939475, 3, 4, 89, 12),
    (87661234, 3, 4, 90, 13),
    (34011345, 3, 4, 91, 14),
    (23112876, 3, 4, 92, 15),
    (12293567, 3, 4, 93, 16),
    (21909950, 3, 4, 94, 17),
    (32187654, 3, 4, 95, 18),
    (43828876, 3, 4, 96, 19),
    (54123987, 3, 4, 97, 20),
    (65765123, 3, 4, 98, 21),
    (76113218, 3, 4, 99, 22),
    (87622319, 3, 4, 100, 23),
    (98442341, 3, 4, 101, 24),
    (87555012, 3, 4, 102, 25),
    (34667869, 3, 4, 103, 26),
    (23779876, 3, 4, 104, 27),
    (12010765, 3, 4, 105, 28),
    (21020856, 3, 4, 106, 29),
    (32130578, 3, 4, 107, 30),
    (43240856, 3, 4, 108, 31),
    (54350689, 3, 4, 109, 32),
    (65460981, 3, 4, 110, 33);

INSERT INTO
	facilitador_turma (turma_id, curso_id, facilitador_id)
VALUES
	(1, 1, 1),
    (1, 1, 2),
	(2, 3, 3),
	(2, 3, 4),
	(3, 4, 1),
	(3, 4, 4);
